-2.7576267594316644,-0.3478224987222205,-0.8433592940809476,0
-2.432427150496326,-0.748403116244591,-0.9341924240139715,0
-2.0634278921698006,-1.1647945735833556,-0.9647845746560544,0
-1.8598869784123988,-1.4108908058523542,-0.8807944246883913,0
-1.710471599796166,-1.597474385721371,-0.7403477721765636,0
-1.6001157998054862,-1.7317837626519164,-0.560928133510927,0
-1.5219048287991133,-1.8165005360159527,-0.35757983245325453,0
-1.4722560367985513,-1.8525586387479922,-0.1416741632709854,0
-1.4453086787875973,-1.8406792038105586,0.08730147190415054,0
-1.4426948894749358,-1.7810058065989647,0.32412313339755083,0
-1.4633787156788687,-1.674101012661305,0.556957741355626,0
-1.505870410048561,-1.519415566653603,0.782934331593142,0
-1.5710241929471085,-1.3161305592997639,0.997598411649615,0
-1.6594825759783125,-1.0639218770660468,1.1981370095901662,0
-1.7825339085484853,-0.7507455510817188,1.3857295123654376,0
-2.0275824909051154,-0.21626815122053275,1.6197654525164462,0
-2.266862273729074,0.3081879468438035,1.7556599690116452,0
-2.7590655296635895,-0.3479806974885442,-0.8447240555223614,0
-2.408431306472613,-0.7549436918872282,-0.8935945932526258,0
-2.009759289615489,-1.1595527253970803,-0.8879713795137043,0
-1.7829354112484626,-1.3923670907807628,-0.7862569820467405,0
-1.6082815801471455,-1.5598595001749014,-0.6357055691315111,0
-1.4713987840922524,-1.6793493921994178,-0.44830452297309115,0
-1.3733773853601983,-1.7516000347372047,-0.2404798251207802,0
-1.3139312577039413,-1.7780792474454656,-0.021984849456597077,0
-1.2842930830546777,-1.7608205056563313,0.20628862787074603,0
-1.2847133803829687,-1.7002024706881758,0.43528222972070585,0
-1.3149689925454344,-1.5971218458268277,0.6590796528500039,0
-1.3726475851763442,-1.4496629698751722,0.8752110338802709,0
-1.4577821502414439,-1.2585191917682006,1.078592239805794,0
-1.568144075281509,-1.022662798384151,1.264730550781528,0
-1.7153681850709903,-0.7208049937523848,1.439570013707814,0
-1.9949963910952906,-0.20591989079037085,1.647795151365026,0
-2.2668885573857733,0.3078887740855054,1.754608344207224,0
-2.75760546717528,-0.34749948558654725,-0.8454916976778106,0
-2.3710745526515993,-0.6908520023746809,-0.8568067194540511,0
-1.9108575568239043,-1.0200443076404764,-0.7940785316855035,0
-1.6287552894251525,-1.2010296955279667,-0.6751750519381476,0
-1.4051417758822542,-1.325567851970559,-0.5167811245767192,0
-1.2280725357853164,-1.4080247116467517,-0.3293131424007094,0
-1.102488412993263,-1.4527372522321989,-0.12746030492737673,0
-1.0300676253244765,-1.4625864990201067,0.08246411751201002,0
-1.000536137294358,-1.4399834267306446,0.29952875172979887,0
-1.0132712648013056,-1.3856349670836896,0.514963067679191,0
-1.064178088420268,-1.2976246251961425,0.7270211753457214,0
-1.1480626083991703,-1.1740058348648177,0.9333096134703931,0
-1.2659707770020163,-1.012408493883585,1.1295794772121113,0
-1.4162350831758772,-0.811969429374827,1.3109178702503734,0
-1.6100773773062331,-0.5563623256705895,1.4768474884201965,0
-1.949994325255356,-0.12535315360683547,1.6634092159696776,0
-2.266856524239459,0.30775637323883953,1.7563760120886394,0
-2.7576194053908623,-0.34770301299858664,-0.8441121800974902,0
-2.3359532456021634,-0.5783332530111378,-0.8285309541524456,0
-1.8107117305962956,-0.8063592254022622,-0.741364763281469,0
-1.4861601841853451,-0.9274493006228834,-0.6213955065246459,0
-1.2363666357245016,-1.0079381279273292,-0.4653171646267463,0
-1.0464832334929726,-1.056916075029951,-0.2862265112334317,0
-0.9134773745829303,-1.0780152876436115,-0.09605730804434309,0
-0.8376346757994503,-1.0742831016446435,0.10439896409071797,0
-0.8100979962017668,-1.0470887087078795,0.3115904006617015,0
-0.8265931858222956,-0.996186273452559,0.5184570525486842,0
-0.8843076677061386,-0.9202979328321209,0.7252472057833128,0
-0.9797371756759506,-0.8175526352805786,0.9280865893785136,0
-1.1145318252384018,-0.6863291299673568,1.1246808129278143,0
-1.2886676923285367,-0.5262146156389579,1.3071255090919467,0
-1.5155185870264851,-0.3279896584771076,1.4747433079356271,0
-1.905983547005602,-0.0019722117739252986,1.6629596004817753,0
-2.2665263984941406,0.3079534993621505,1.7558551994714515,0
-2.7571194618270454,-0.34786802869153627,-0.8448967278882878,0
-2.306681048459424,-0.4350771369180482,-0.8159488227876162,0
-1.7387665671579329,-0.5308259696548793,-0.7260741627097179,0
-1.3901305363333534,-0.5784753781782314,-0.6127470828635344,0
-1.1242809338855837,-0.6046196207501898,-0.46568504154651086,0
-0.9309414359646766,-0.6128583652569539,-0.299487158911353,0
-0.8007156813459481,-0.6055340839610038,-0.12223222081007215,0
-0.7218608968605833,-0.5843732847187818,0.06576716722112474,0
-0.6957296513838532,-0.5503067513759303,0.25980020239560486,0
-0.7123171628492461,-0.5028792468202438,0.4649817412910302,0
-0.7708076666050023,-0.44141922201118033,0.6705612484529335,0
-0.8711363277051816,-0.36513312549300403,0.8764652264641202,0
-1.0143214173977106,-0.27372144900810813,1.0768052004005828,0
-1.2022785795858064,-0.16829522408276515,1.2654228563556178,0
-1.4492288045676793,-0.044653484719645205,1.4418811888676062,0
-1.878704298318234,0.14370204943467627,1.6453799974440848,0
-2.266515799345241,0.3080607194318859,1.7546128662992815,0
-2.756999761187538,-0.3477022157701747,-0.8439998582391394,0
-2.288860859809023,-0.27820890370721557,-0.8209736207642385,0
-1.70783796069622,-0.21941494396109854,-0.7436778174558937,0
-1.353964363762021,-0.18177324921490431,-0.641465360063411,0
-1.0852813593789827,-0.14373894655555566,-0.5082197142132906,0
-0.889565720868652,-0.10288936706721452,-0.35741311303121487,0
-0.7553976454916977,-0.061015224389655245,-0.19485494265939426,0
-0.6786843176183291,-0.019165206222912762,-0.018358442732638723,0
-0.6514460141740508,0.022580575055799183,0.16875336439057398,0
-0.6686321845180868,0.0643458106910942,0.3645278936242301,0
-0.728732655009413,0.10656598300205487,0.574262686768042,0
-0.8313137872633571,0.14864783714564322,0.7853064925985779,0
-0.9776249329150286,0.189950369012499,0.995291741156332,0
-1.1704210825817878,0.2284913685122778,1.1932337605296566,0
-1.4226672785295098,0.26215027868829804,1.3827763451695152,0
-1.857698801658897,0.29721619965564516,1.6141937372378425,0
-2.266052303532567,0.30788114011328904,1.7565633477906466,0
-2.758485865016012,-0.3478229332674946,-0.8448821264894921,0
-2.2890080591712136,-0.12433163337690009,-0.8400986936237249,0
-1.725360842560965,0.09054469059940627,-0.7881914240258008,0
-1.383226825633735,0.21540503319400128,-0.7019853819908989,0
-1.1165631109286023,0.3224786743375754,-0.5842798825897189,0
-0.9223811850876016,0.41581470466683096,-0.44902954614478485,0
-0.7902613962794949,0.4941276731703547,-0.29685450761357,0
-0.7134226620427248,0.5563550292036498,-0.13218064643137628,0
-0.6846645125743256,0.6018701146962423,0.04544142718047718,0
-0.7008780218027314,0.6334019281990657,0.24097738728153245,0
-0.7597335091054127,0.6493303383211496,0.4468913697243046,0
-0.8612232874878311,0.6506199614563659,0.6627541521030708,0
-1.0061506988053097,0.6357965392879673,0.8815124825081092,0
-1.193520748285272,0.6037077435740839,1.0940494283131166,0
-1.4367077290116965,0.5495172045266342,1.3029609028167741,0
-1.8626205651825498,0.44029110175086084,1.5707488092762785,0
-2.266519282269912,0.3076128141305167,1.756381194115013,0
-2.7576108111711757,-0.3479774983670501,-0.8448911886567547,0
-2.3042284533914117,0.004900178430461907,-0.8779778589682412,0
-1.7751624814046247,0.3495744301480215,-0.8553334162677381,0
-1.4603244357700758,0.549742760880863,-0.7905710385153009,0
-1.2095653915202882,0.7138549695939156,-0.6894439556753474,0
-1.0223829928924106,0.8482860062004223,-0.5664430378732727,0
-0.8923794839173262,0.9511510666808197,-0.42323974049265334,0
-0.8154150635328763,1.0241890183659392,-0.2648592140089812,0
-0.7857185305861952,1.0690781262382283,-0.09158068750334167,0
-0.798714853707935,1.0887542060230735,0.09698443188174569,0
-0.8533849896036456,1.0823878743883408,0.3036976513624592,0
-0.9494403651842002,1.0494061914135902,0.5248726040294255,0
-1.084875909983968,0.9886189363614691,0.7535007791636849,0
-1.2585669901307783,0.8991177848167805,0.9809449261391578,0
-1.481872100702413,0.7748862036773418,1.211607859719656,0
-1.8781586081100807,0.5518561690342026,1.5216513125636562,0
-2.2664600949207494,0.30775723488070694,1.7563815363978865,0
-2.759080128933364,-0.34807244387462155,-0.8433427926717644,0
-2.328365751392402,0.09094431404920207,-0.9212926170730527,0
-1.837781678949141,0.517432084155447,-0.9365272779295775,0
-1.5546815647240326,0.7616589403206839,-0.8929758779077726,0
-1.325493592899018,0.956095901427218,-0.8097307812103827,0
-1.1477132753205976,1.1095825830212893,-0.6972498538505081,0
-1.025599460207144,1.2218937635794702,-0.5642321824883243,0
-0.9510783951726025,1.2979958112490932,-0.4122550177796405,0
-0.9195747320966446,1.3417853599208962,-0.24264035005779616,0
-0.9282892355494403,1.3547485733156188,-0.05378567832330253,0
-0.976965479300719,1.3362502338668916,0.1550707463269238,0
-1.064578712049872,1.2841744725167936,0.3820049737204061,0
-1.187338960202965,1.1964030382983586,0.6248469621228621,0
-1.345338314104683,1.0729461446832078,0.8709438353980341,0
-1.5459452153154614,0.9074073402169694,1.1230495902810118,0
-1.9083119520597125,0.6165549065750824,1.4758381018870863,0
-2.266853353631104,0.307949749146681,1.7563745032422806,0
-2.7590653913544525,-0.34785003549577437,-0.8445979788086726,0
-2.3561995841630625,0.12214663582568538,-0.9650272335378457,0
-1.9031338152612383,0.5724204820740671,-1.0190132228531994,0
-1.639614068369493,0.8261600101768704,-1.0027835717960842,0
-1.4281855112926907,1.024699519673154,-0.9369975433005533,0
-1.2656359787913574,1.178036913518684,-0.836698065211723,0
-1.1478137764303324,1.2902985123799606,-0.711220189476175,0
-1.0759177748417477,1.3667313622972628,-0.563892638161877,0
-1.0446693171542836,1.4100183170315586,-0.3943244766064715,0
-1.0531270404166606,1.4213255756732577,-0.20204805409558932,0
-1.0980496205329557,1.398909884118616,0.013629717005039838,0
-1.1801817899137816,1.3403916841661043,0.25196820871778575,0
-1.2940236363937936,1.2435169790027847,0.5114991359951732,0
-1.4371916381917516,1.1094721792799533,0.7753257029490838,0
-1.618484905424231,0.9322166311813838,1.049453085811925,0
-1.944360603557877,0.6258221403203338,1.4396532798927144,0
-2.2664873264156133,0.3077664016014768,1.7546146151052522,0
-2.7585008430959586,-0.34750254467577685,-0.8432175317846436,0
-2.384847993953965,0.09455977575599783,-1.0028885505706568,0
-1.958964213294197,0.5155302882715427,-1.0992635721443513,0
-1.7088635304070274,0.7485641683013274,-1.102508883704863,0
-1.5107377291206388,0.9286782775205594,-1.0584979514767998,0
-1.35533685769872,1.0665031304251387,-0.9764200581664665,0
-1.2419983249667321,1.1695414899641008,-0.8593683896408293,0
-1.1699683234169709,1.240723724500388,-0.7124294508425768,0
-1.1389563848472377,1.2817184522546672,-0.5385213150469761,0
-1.1497058880428925,1.292827764882061,-0.3401557401499589,0
-1.1974814895713968,1.2718842707544855,-0.10631064396526256,0
-1.2782306614476997,1.216984600554978,0.14910692106889625,0
-1.3884609912322186,1.1269591651308002,0.42666342021097897,0
-1.5219501138728775,1.0045836966793222,0.7075568044049589,0
-1.6898025080944135,0.8453953519726516,1.0007622071025268,0
-1.9821439454689593,0.5772540535476196,1.4186113792707664,0
-2.266699397323028,0.3078430231413723,1.7550579539088746,0
-2.760294038041778,-0.34772443429294797,-0.8440833582757815,0
-2.4101903129473907,0.011049675173554497,-1.0289939280976628,0
-2.003787663650244,0.35467461824723145,-1.157072546228924,0
-1.7593355491226084,0.5415681185448,-1.1966069103805537,0
-1.5625433503720707,0.6797026498964082,-1.1692420559416892,0
-1.404734446692948,0.7859672440467335,-1.0943487978218356,0
-1.2901597410022316,0.8643254946990984,-0.9802228204300276,0
-1.2188818463028894,0.918885240104276,-0.8308671768963436,0
-1.1899060836826367,0.9509130715521692,-0.6487368839495812,0
-1.2043176541045353,0.960686302335583,-0.43406115124163475,0
-1.258157130647776,0.9468818647521983,-0.18508181424154566,0
-1.3494243438901692,0.9085328161819786,0.09051085869131545,0
-1.4604175360798088,0.8458445008996396,0.38355088158224093,0
-1.5913350539510625,0.7615348030750819,0.6770582843584403,0
-1.7534321376947197,0.6525144128388156,0.9831381164208848,0
-2.016942004772289,0.4758821903489077,1.4148145105929095,0
-2.2664868010910366,0.3078799851002644,1.7565571469799275,0
-2.759072472080286,-0.34782456831214864,-0.8438528608650875,0
-2.4327439123349994,-0.12025141674567039,-1.0397184845015746,0
-2.037289741777004,0.10767475323504087,-1.211338416168841,0
-1.792836638051095,0.22091103577289184,-1.2540942632397223,0
-1.5928423528813052,0.30110365938415523,-1.2314194757834218,0
-1.4328920970500325,0.35685977722422685,-1.1558956810670256,0
-1.3138365977454478,0.39458390447149955,-1.0371294553500083,0
-1.2384452421552172,0.4192962489460499,-0.8796593195014597,0
-1.2071943939191174,0.43532092395078065,-0.6872727597336707,0
-1.2245022008845208,0.4440321625109461,-0.4535865047288672,0
-1.2862646880143669,0.4453388825738403,-0.19168307719927888,0
-1.3830055534996726,0.43898394931372553,0.09487117467177043,0
-1.5060281015814172,0.4242233672329721,0.3973868784246383,0
-1.6428279452668966,0.40232515941508,0.6957217133773315,0
-1.8002886056394436,0.3719120306856844,1.0055223336665184,0
-2.0444173219891684,0.3337905875026921,1.4308901001497984,0
-2.266489458835627,0.30788088152025894,1.7563804964355338,0
-2.7584855403375266,-0.3475014953929721,-0.8447309716214455,0
-2.4477607931093743,-0.28757544219915704,-1.0325017770544054,0
-2.064698525605936,-0.21875949363069763,-1.2115149370658505,0
-1.8183599557292278,-0.1825203089993535,-1.2508884967051548,0
-1.6207242397988275,-0.1691619740111375,-1.2176189335741825,0
-1.4623947217244315,-0.1661609957848161,-1.1292371774587413,0
-1.3444610306195297,-0.17036066205359252,-0.995748852689139,0
-1.2700465192635326,-0.17011376840000325,-0.8251257642620713,0
-1.2440538699985122,-0.16578514428989466,-0.6200504172377673,0
-1.2651061860338935,-0.1550862907419229,-0.3799718648053537,0
-1.3287330517208178,-0.13620570560108095,-0.1075827185962269,0
-1.4270237393710565,-0.10732342408306468,0.18869388938334616,0
-1.544403676028832,-0.07059719719640836,0.48276999453477115,0
-1.6771069486292252,-0.019607046915844244,0.7731862723677695,0
-1.8291412282939121,0.04672253440383473,1.0719575284002971,0
-2.060668912089131,0.16987554584154288,1.466671367302971,0
-2.266460752417956,0.3080029578578955,1.756290137826076,0
-2.75773108262965,-0.3477199916271421,-0.8448903245589552,0
-2.452611554973739,-0.48255119551408493,-1.0103082875700495,0
-2.087069364205479,-0.6057261506395297,-1.1568773032464224,0
-1.853702253445477,-0.6755382694759673,-1.1694097322415462,0
-1.6678742910092854,-0.7203212802876248,-1.1146342727745562,0
-1.5203230595452735,-0.752897961032193,-1.0050494845584759,0
-1.4115849680205625,-0.7736790689360579,-0.8521961578224615,0
-1.3456788274792082,-0.7802055178538907,-0.6655975296423731,0
-1.3218972745131732,-0.7712382356074876,-0.446435368138953,0
-1.341084367127007,-0.7465404546807756,-0.2023304844776108,0
-1.3981308738092286,-0.7037580886748229,0.07150036408763166,0
-1.4828975307989158,-0.6412606832631447,0.3591461987454024,0
-1.5873593701785176,-0.5563347506288662,0.6392862535564137,0
-1.7043134079687807,-0.4447686719476121,0.9102757695849956,0
-1.8420307408666876,-0.2862136925118053,1.1793184741092624,0
-2.0629659986737807,-0.0023122764498669313,1.5198402691980573,0
-2.2664981595111158,0.30761581804840155,1.7558575099232911,0
-2.7590712071193857,-0.3478721708810234,-0.844028179703529,0
-2.445088076265384,-0.6591955498909968,-0.9691577149026763,0
-2.0879576973102982,-0.9881076603500176,-1.0507762904249935,0
-1.8827446956497218,-1.193425290336494,-1.0015294624277322,0
-1.7301854732282897,-1.345565562197466,-0.8905917282006983,0
-1.6143926124551284,-1.459274726987083,-0.7336573562802761,0
-1.5303126668953675,-1.5318805218188947,-0.5434269134068355,0
-1.4757747432672335,-1.562393938660169,-0.3323265424394315,0
-1.4515459770621024,-1.5503114839753347,-0.10191515538907917,0
-1.4547946308152735,-1.495937905768207,0.14234006820746917,0
-1.4848301895465763,-1.4000502898688907,0.3939798706183663,0
-1.5381184529695962,-1.2644026262257544,0.6393887671728701,0
-1.6091982108473275,-1.0907174609947063,0.8742347521492216,0
-1.7006754237783006,-0.8789102691764911,1.0943911418228867,0
-1.8219661637664886,-0.6063140763829096,1.308541879363731,0
-2.048956917053097,-0.14861785750499365,1.578687574830224,0
-2.2665005916160084,0.30776090112396454,1.7556681282700868,0
-2.7591670297523767,-0.3477226358815699,-0.8440953312583883,0
-2.432809332685674,-0.7483439171878141,-0.9332090627196261,0
-2.0640102165310155,-1.1646059414456338,-0.9645080168975482,0
-1.860184423529301,-1.4108704370095055,-0.8812769309365599,0
-1.7102591993289997,-1.5973520345862655,-0.7404066181532661,0
-1.600093394729467,-1.731812341318417,-0.56087192996908,0
-1.5220591861561166,-1.8161312862107313,-0.35757622189521027,0
-1.4711927919291317,-1.8525427518090052,-0.14154408071139796,0
-1.4455301312307007,-1.8404836370702224,0.08710703577862143,0
-1.4427577523465558,-1.7809805128026581,0.3241232416140344,0
-1.4625918045295994,-1.674125782093084,0.5566043973993138,0
-1.5061591445799263,-1.5195531863336138,0.7829288526305105,0
-1.5709692553531192,-1.316305645814719,0.9975916318191292,0
-1.6589646240302869,-1.0640391260813884,1.1982991237457283,0
-1.7816882352783632,-0.7506025462836234,1.3862454269983953,0
-2.027509531244382,-0.21625369089234275,1.620408830222738,0
-2.2668560024318856,0.307880344587104,1.7562849735717219,0
1.4075214432196896,1.9955638644677334,1.481586837839111,1
1.3505859371406386,1.3072188320858196,1.5909864687283621,1
1.2795426064428534,0.5396121107512868,1.5759563337151754,1
1.2468075097717766,0.09797430115835329,1.5216556630416342,1
1.2279611926782923,-0.27843531058592336,1.4323670484602868,1
1.2199036022654097,-0.6174371464771407,1.307823308157369,1
1.2264260870881882,-0.9157312328726868,1.1526569334198136,1
1.2500455898914848,-1.1674344558966085,0.9706726275290286,1
1.292356751353534,-1.3688740764229161,0.765285333235258,1
1.3563463513811935,-1.5182739462215913,0.5418332472383883,1
1.4434910110267605,-1.6162904594089613,0.2993601185908873,1
1.5509156002735027,-1.6634753118206533,0.041594934790934304,1
1.6753893492770247,-1.6582306809298708,-0.22670904600859124,1
1.814075432446213,-1.6082613479855739,-0.5073020954615535,1
1.9766042208327923,-1.5067942015988214,-0.815483424805243,1
2.240435436642118,-1.2806742365835262,-1.2907344919474422,1
2.488581616605694,-0.9754704610400148,-1.7333067556537716,1
1.4077293063164638,1.9961046952405537,1.4825084597347296,1
1.3844684542870318,1.3173219601694321,1.5882551237310945,1
1.3528434967639171,0.5849782246196167,1.5785472115123287,1
1.3413463821281162,0.15691850792170897,1.5277068059217784,1
1.3390905728018567,-0.19526937445325035,1.4430260529937968,1
1.34624845601856,-0.5131160285363472,1.3252809676592925,1
1.3631348324849606,-0.7916446417388037,1.1792451712411252,1
1.4018940674525875,-1.0270236040735339,1.0092939506469742,1
1.4590615699050327,-1.2171623453434022,0.8171256175702104,1
1.5359085538996515,-1.3620671878673238,0.603175294284635,1
1.6276847915015298,-1.46220839231826,0.36779563428232287,1
1.7330958254111404,-1.518779459947595,0.11123427260913886,1
1.8442844539530925,-1.5317685984812934,-0.1590729534205679,1
1.961216150610288,-1.502626483619706,-0.4442683407559674,1
2.0947701838595583,-1.4221888140085313,-0.7649057730182323,1
2.302864656448905,-1.236977270489846,-1.2595957292397002,1
2.487845530469428,-0.9753640451282183,-1.7333824931616366,1
1.4077294570216419,1.9959341398653476,1.4825110357550018,1
1.4301498890139832,1.3823388596680253,1.54300590347213,1
1.4510788333265914,0.7406623288440648,1.499688115128263,1
1.468585652079735,0.3564035883501765,1.4313835746447359,1
1.4915787095889572,0.030877506362822313,1.3359565309601884,1
1.518148434289957,-0.25092137317127683,1.216653618828813,1
1.553172913701416,-0.49326897697654387,1.0780997590732553,1
1.604036684030013,-0.6934382712007665,0.9225424634684085,1
1.6695974144206196,-0.8570288714723651,0.7502445651182695,1
1.755253541787728,-0.9855907694674001,0.558931854303644,1
1.8499858670490883,-1.083471233785682,0.34756157834541984,1
1.9526989068125842,-1.1529562298530058,0.11243383681973405,1
2.054739551091425,-1.1961471987412677,-0.14649277234546326,1
2.1506380500334177,-1.2143219436419157,-0.43199475149613004,1
2.245054905606573,-1.200957908367732,-0.7578329930795398,1
2.377525038763631,-1.1262858032122356,-1.255349223113433,1
2.488521617910798,-0.9754677205404954,-1.7341757703168617,1
1.408169657450491,1.9959449320656943,1.4815797573984435,1
1.4661143292826586,1.480116085517239,1.466369584881835,1
1.5276266945254997,0.9318464233870223,1.3661064432067938,1
1.5734782174097468,0.5988542046196953,1.2686510821939059,1
1.6137150435207712,0.3178859212900022,1.1553446132263172,1
1.6585360425046844,0.0729147727342518,1.0279533509628682,1
1.7042430374511437,-0.1380670431222758,0.889343753815017,1
1.7615626355705234,-0.3159273614195548,0.7414281133317977,1
1.8310469506747715,-0.4607560701406767,0.5832642488034715,1
1.9154659073109679,-0.5807230578483967,0.41143654584376965,1
2.0047945863658856,-0.6797363836398727,0.22100304787921893,1
2.0987229918818513,-0.7634867614011919,0.010412595672763968,1
2.1921373643651196,-0.8341739064486144,-0.22540706798906854,1
2.272910263946852,-0.8940912957437809,-0.49310139269499487,1
2.346255903445408,-0.9444409324084694,-0.8027587636411203,1
2.433441983036106,-0.988870918702497,-1.282767924185577,1
2.4881474301349473,-0.9751143646631448,-1.7333795776475536,1
1.407692777940188,1.9959340490723179,1.4825110480486272,1
1.4863792055163791,1.593013956248268,1.3699533284665402,1
1.5789028877811784,1.157546763176954,1.1895605037210368,1
1.6483348444820434,0.8865528894509159,1.0483730235549342,1
1.7080930033513455,0.6587114129071624,0.9069901916313636,1
1.7652568686784469,0.4594732539731681,0.7633024834972981,1
1.8236547213595233,0.2829028736624436,0.6200423192599416,1
1.8864416040861822,0.1254191919203114,0.47596915635821613,1
1.9557932647934606,-0.010505765383347776,0.32855583424996915,1
2.0327167807141056,-0.1297106617439862,0.1727491117408215,1
2.112503458640544,-0.2358544929926878,0.0030415472229146333,1
2.1945754539904576,-0.3400298685068822,-0.18444922611639686,1
2.2698929675970905,-0.44597301725095506,-0.3952251489856043,1
2.3372879300409646,-0.5563781681420209,-0.6318228730387027,1
2.397334718449164,-0.6765354916326106,-0.9075494212851365,1
2.459164042369148,-0.8463137218936582,-1.33576937382782,1
2.4885918300626595,-0.974911028672498,-1.732923480811556,1
1.407694799958748,1.9959461521947852,1.4816614314094056,1
1.4875760294197473,1.7103111605668717,1.2653322411156922,1
1.5874372179722969,1.3984581764153483,0.9931934916909226,1
1.6636905488614526,1.1982815220647531,0.7987514040959044,1
1.7324119194965888,1.0271775353483097,0.6204552706636128,1
1.795578821934663,0.8729709656770129,0.4535444762131897,1
1.85969419553263,0.731283826907913,0.2977364523204591,1
1.9212413670882653,0.5987639667200388,0.150184766587201,1
1.9872022924279078,0.4718306533914893,0.0062930935694509435,1
2.0611203498675756,0.34510446224346075,-0.13890330120970323,1
2.136558138306076,0.21537391978435444,-0.29016704170996754,1
2.209475645501483,0.07773846281532405,-0.4562307998713569,1
2.276288778798444,-0.0718967023598828,-0.6359147233869886,1
2.339125451866507,-0.23727007596145008,-0.8331442754061431,1
2.393594340217254,-0.42719728978082716,-1.0600263636864784,1
2.4579848355313656,-0.716260303462425,-1.4102899635034607,1
2.4885793917309407,-0.9754695322731204,-1.7334287877107089,1
1.4081655704970815,1.9957415513104317,1.4825125956235568,1
1.4681941934477432,1.8166319799475679,1.1671775576611936,1
1.5468692242750437,1.6196597378096835,0.8059721377604622,1
1.6073360714357343,1.4920723162208742,0.5572122396384258,1
1.6637796161319343,1.3770089779815482,0.3378421964958111,1
1.7179502247684455,1.2634882287803844,0.14024547337126814,1
1.7734166492043744,1.1478757174052503,-0.035735912395089595,1
1.8341271535199641,1.0278803134174312,-0.19494994295568285,1
1.9001606468155174,0.8993162320045684,-0.3434321417004416,1
1.9735041598843526,0.7588848369033693,-0.4853158345160415,1
2.047900963894038,0.6037212371858118,-0.6254503783734742,1
2.1244884898474314,0.43052640350236043,-0.7667758593102606,1
2.1981525160156377,0.23772995201127747,-0.9130303994815481,1
2.26858800124129,0.0251156265974102,-1.066205944896186,1
2.3366701672772567,-0.22782791254261991,-1.2365326988478902,1
2.4259952459411065,-0.6129311537287119,-1.5000661654512837,1
2.4881460985380772,-0.9754737150240896,-1.7333154623051459,1
1.4081690836986889,1.9959179833095555,1.481660478168438,1
1.4361134947547702,1.8965036138688411,1.089956059034165,1
1.4674044482001976,1.7846473366469864,0.6549977900630338,1
1.496331810338668,1.7114418707012808,0.36303755769320595,1
1.5223462677172446,1.637368068064101,0.10723094227650752,1
1.5526479177982642,1.5535572826612543,-0.1188968083053629,1
1.5873646959548373,1.4565078788237071,-0.31953392552375076,1
1.6356308955281833,1.3417067061492032,-0.4987266567384454,1
1.7002255024284434,1.2072486909109184,-0.6583891006426137,1
1.7755322969107523,1.0501399943892669,-0.8023565238484174,1
1.860554450767812,0.8695767921064236,-0.9348238201154222,1
1.9510367443264502,0.6645382112634644,-1.058530638252413,1
2.0422562948829697,0.43587271767568997,-1.1754601749605849,1
2.1360444317777425,0.18426502184288443,-1.2895163408522323,1
2.2323514877742774,-0.10202917881744684,-1.4073696510438976,1
2.3714009434991747,-0.5502918503512633,-1.5740702124363426,1
2.4885816166058525,-0.9754704610401524,-1.7333067556521673,1
1.4076927492245292,1.996116758397796,1.482508175715552,1
1.3849156864692576,1.9431564675900537,1.0429129682784442,1
1.3663130787144497,1.8710848197944978,0.5593252244527055,1
1.3563903857175614,1.822536864798504,0.23562680482385365,1
1.3488028449838414,1.7652364540052288,-0.0410561836221044,1
1.3490446999694716,1.6915824863837006,-0.29072734057595867,1
1.3608037776667423,1.5977539120302697,-0.5117675580780424,1
1.3909629356475883,1.4811356031507086,-0.7069775886694382,1
1.4441489953677018,1.3389313280326882,-0.8805774697034892,1
1.520266029560694,1.1694846243371986,-1.0323605910228604,1
1.6163003550404866,0.9725680508643055,-1.165633763578147,1
1.7262154126820994,0.7490648371835237,-1.2814860648252386,1
1.8432113744557743,0.5012313830812285,-1.3804028543206892,1
1.965682747012383,0.2316753982511167,-1.4671679837773592,1
2.097277381771187,-0.06801954890666223,-1.5466420530381382,1
2.3036526339594077,-0.5337741929396542,-1.6706074981904924,1
2.4892815626397202,-0.9749034420047397,-1.7333034487150192,1
1.4070133135109717,1.9959471094627164,1.4815817636526547,1
1.3368756475142127,1.942408868039751,1.0303481811309037,1
1.2602106661130796,1.8699512743923905,0.527835719085795,1
1.211676892067947,1.8160131678824918,0.19178955465440378,1
1.1716667311686653,1.7517441355281387,-0.10138967191866022,1
1.1430293795727857,1.6691861002675088,-0.3665859196805854,1
1.1315836750923844,1.5659111224439461,-0.6024803462480285,1
1.148317384999408,1.4395652488318698,-0.810519741401175,1
1.193645440133498,1.288174127987029,-0.9936391456918774,1
1.2702087998505556,1.1102786178287285,-1.153691443099703,1
1.3732948378908831,0.9064664248308268,-1.2919133748856837,1
1.4967273532255627,0.6783276446335801,-1.4080022914854589,1
1.6352093691347658,0.42934388047513494,-1.5020550273607214,1
1.7848473921730457,0.16345657363002825,-1.574096402795286,1
1.9560879482552993,-0.12684295917285418,-1.633819521250535,1
2.2277551949391046,-0.5674357733251923,-1.6904641130541418,1
2.4885793719721723,-0.9757093762771192,-1.7333047201488905,1
1.4077648525742754,1.9957426416110573,1.4825135890227379,1
1.2928359466390782,1.9052297427748854,1.056353508119371,1
1.1680004057588487,1.7821015486899774,0.5643994615991478,1
1.0886699211693724,1.6952909212602956,0.22910102553223952,1
1.0225701778338112,1.6013816325718073,-0.069539686164779,1
0.9739100008103195,1.4934806336480773,-0.34402162131243,1
0.9490223495314404,1.368484067124704,-0.590102876518938,1
0.9522089901058838,1.2256899798520904,-0.8075869222269024,1
0.9885113082234893,1.0637471356242238,-0.9986747119744142,1
1.057272298583188,0.8815557777888804,-1.1657850729421488,1
1.1601645951214656,0.6799321361228076,-1.3087958016736236,1
1.2906483775292927,0.46104270759089006,-1.4284883473410153,1
1.4454549583358194,0.2278798862924189,-1.5256865939496809,1
1.6205894269391363,-0.013232331636215044,-1.599708886803368,1
1.8273466605009714,-0.26972990241727224,-1.6565240148617604,1
2.162112144374693,-0.647859446612726,-1.7229935229854518,1
2.488577826517029,-0.9762343800377086,-1.7333659526791876,1
1.4077280787731903,1.9962345526959364,1.482503880810927,1
1.2615772904733782,1.8251047824488642,1.1177156664268229,1
1.1017486682231408,1.614142912813654,0.6677696094784528,1
1.0033918560900477,1.468412205535996,0.350978766382454,1
0.9239732215557885,1.3246361502116548,0.05830998511868882,1
0.8643773305680411,1.1756723594811764,-0.21596460225251654,1
0.8286347783652263,1.019256710728882,-0.4659757024986812,1
0.82196509677032,0.8557256069922552,-0.6883701250860412,1
0.8487988881945829,0.6843829681121584,-0.8852369518472919,1
0.9107980237012222,0.5038740689602489,-1.0577001738685907,1
1.0079994190769745,0.3146082996773249,-1.208860397401012,1
1.1394453327515564,0.1188610895784515,-1.3393381917529261,1
1.3015902537756687,-0.08012557069702195,-1.4480872735082055,1
1.4944313893121004,-0.27880045874908016,-1.537833736289019,1
1.7286898607041383,-0.4829830327258677,-1.612597268425873,1
2.112436233368303,-0.7501210013469352,-1.688888891993856,1
2.48851959231057,-0.9757078915999571,-1.7341723595460037,1
1.4074425221646587,1.9957348701082374,1.4820443290183627,1
1.2484401561614415,1.7200964393867895,1.2089900443874564,1
1.0718930118633885,1.3865247006924555,0.82893438611599,1
0.9681879839954032,1.1628699098803217,0.5474930323021386,1
0.8879539589814999,0.9555728293950606,0.27682268372190827,1
0.8273926609144309,0.7549583663812304,0.015665158818563566,1
0.7885664829863033,0.5617951345265593,-0.22858242242319526,1
0.7752449226935658,0.37596765906699275,-0.45190948707008666,1
0.7933947736325232,0.19629121180280304,-0.6517879122280937,1
0.8477977977101205,0.023638448906579148,-0.8315245636030256,1
0.9382502084594482,-0.1423619752218441,-0.9950351468408405,1
1.064757935330318,-0.30394713884094593,-1.1428936530938743,1
1.2280591745630718,-0.45750893221702343,-1.276702593208465,1
1.4280778806105854,-0.6011641922803164,-1.3968337297219025,1
1.6784206510505137,-0.7356169603961576,-1.5073816647157516,1
2.089639560217956,-0.8983197884290015,-1.6559683436882215,1
2.4885843174201923,-0.975111782369008,-1.7333092708636897,1
1.407766880868503,1.995940931272603,1.4820398538227328,1
1.252050314390308,1.5967345279152192,1.319500371918757,1
1.0824069450859715,1.132210524601486,1.0326128910704562,1
0.9843415879218165,0.8296066439456464,0.7992005286102267,1
0.9094130058003056,0.5578675750351623,0.5612462502225516,1
0.8528420317067299,0.30589894874669754,0.3214944544714204,1
0.8161294272310547,0.07796972576992682,0.08942201252010754,1
0.8023752181749404,-0.12651745255452707,-0.12854105693611015,1
0.8174968563890035,-0.31125741363768183,-0.3314726970575156,1
0.8665384826061174,-0.47454501542119265,-0.5202422393549708,1
0.9521410729276795,-0.6183033245916894,-0.6988909859815469,1
1.0747409920607387,-0.7454750885637279,-0.8707377751469251,1
1.235848207620768,-0.8525447864907805,-1.036055288657755,1
1.4356304860340579,-0.9382360814867349,-1.1947963215652442,1
1.686322075474584,-1.0007207580723536,-1.3531613104422533,1
2.093836192680412,-1.0125386801713199,-1.5504176479091114,1
2.488576039691426,-0.9759092108508859,-1.733364235378978,1
1.4070113561118844,1.9959069351531569,1.4825125865526,1
1.2782248013227016,1.467959873818471,1.43708914626978,1
1.1311906335406194,0.8825248709941745,1.2567638733319944,1
1.0470116113089556,0.5122108161402845,1.0827455319314225,1
0.9796142303967587,0.19750096791947716,0.88295261168659,1
0.9288404905025447,-0.08841484558302509,0.6675741873259837,1
0.8969251022905652,-0.3439834711577145,0.44900289942136873,1
0.8876334327740613,-0.5664820393063111,0.23538937771493834,1
0.9066316271820285,-0.7573596490438568,0.029486493296399987,1
0.9581890256488957,-0.9159379800205221,-0.16963078494579514,1
1.045595700508566,-1.0455085252028702,-0.3661559493262299,1
1.168885510761001,-1.1456567474915411,-0.5625870089218937,1
1.3271096511560823,-1.2151889026669143,-0.7592493610088696,1
1.5199521050752687,-1.2510171863749833,-0.9556375710648015,1
1.7560169113113213,-1.242307713888371,-1.1647870673592478,1
2.130245860311562,-1.1646902442708775,-1.4747859630405191,1
2.4875065784303714,-0.975120320966046,-1.7333900807429887,1
1.4077294570187928,1.9959341398695734,1.4825110357550992,1
1.311777330502259,1.3562149145854998,1.5397596224449845,1
1.2120923269369448,0.644808457952436,1.4737802162484743,1
1.1593190111829261,0.21979749808237223,1.3838180666214215,1
1.1189509248785072,-0.13805501846154125,1.257903995989183,1
1.091209738834722,-0.46460948296045546,1.1002346145150133,1
1.0788849862345569,-0.755357078316019,0.9178155952999116,1
1.0856890138302144,-1.0032999570642702,0.7170602349317003,1
1.1179314721010758,-1.2051073691205803,0.5056226573079172,1
1.1776120787261566,-1.35991509834826,0.28568307884649974,1
1.2677978526234697,-1.4694561522627725,0.05569126312513852,1
1.3843646971108532,-1.5326534663700404,-0.18117245478690394,1
1.522843427720925,-1.551261397223654,-0.42307309668824344,1
1.6832649170216396,-1.5239746285382725,-0.6714861851943603,1
1.8741982376184116,-1.4433558018449466,-0.9468686965844948,1
2.184028322148215,-1.244167253304885,-1.3535287290881044,1
2.488895824323205,-0.9761991268168428,-1.734111651403304,1
1.40772930124417,1.995907499378878,1.482511230232246,1
1.3471233443264286,1.3072390230830342,1.5887324917989336,1
1.2791276126648596,0.5396532908818816,1.5753333396651827,1
1.2479055865786475,0.09792534899780085,1.521607343589445,1
1.2277025464633091,-0.2784839594634045,1.4325301326819162,1
1.2202802778389925,-0.6174075313303803,1.3082014032604492,1
1.2270814699832486,-0.9157415616295633,1.1524784982618255,1
1.250356668772924,-1.1674346847518695,0.9707832149371382,1
1.2923594318488933,-1.3687870672411557,0.765384290973873,1
1.3564959052790775,-1.518327439768374,0.5409244639523331,1
1.443492364791371,-1.616283016245102,0.29924294327531614,1
1.5508093910748582,-1.6634246570186892,0.04165393397643849,1
1.6751409786054863,-1.66465839384447,-0.22671264878380037,1
1.8154788236099142,-1.611541568898858,-0.5073945682753865,1
1.9761846446284816,-1.5062892071597755,-0.8150788153252692,1
2.240868260179159,-1.2801691906409693,-1.2910183997328843,1
2.4885859784651885,-0.9749080731719648,-1.7333107789718598,1